{
	"name": "ezroller",
	"title": "E-Z Roller",
	"description": "Next Action Window",
	"version": "0.1.2",
	"author": "Deuce",
	"languages": [
		{
			"lang": "en",
			"name": "English",
			"path": "lang/en.json"
		}
	],
	"systems": ["dnd5e"],
	"esmodules": ["./ezroller.js"],
	"socket": true,
	"styles": [],
	"packs": [],
	"manifest": "https://raw.githubusercontent.com/RealDeuce/ezroller/master/module.json",
	"download": "https://raw.githubusercontent.com/RealDeuce/ezroller/master/ezroller.zip",
	"minimumCoreVersion": "0.7.2",
	"compatibleCoreVersion": "0.7.4"
}
